Instructions,FullBranches,PartialBranches,NumBranches,UserTime,NumStates,MallocUsage,NumQueries,NumQueryConstructs,NumObjects,WallTime,CoveredInstructions,UncoveredInstructions,QueryTime,SolverTime,CexCacheTime,ForkTime,ResolveTime,QueryCexCacheMisses,QueryCexCacheHits,Breaks,Returns,Switchs,IndirectBrs,Invokes,Resumes,Unreachables,CleanupRets,CatchRets,CatchPads,CatchSwitchs,FNegs,Adds,FAdds,Subs,FSubs,Muls,FMuls,UDivs,SDivs,FDivs,URems,SRems,FRems,Ands,Ors,Xors,Allocas,Loads,Stores,AtomicCmpXchgs,AtomicRMWs,Fences,GetElementPtrs,Truncs,ZExts,SExts,FPTruncs,FPExts,FPToUIs,FPToSIs,UIToFPs,SIToFPs,IntToPtrs,PtrToInts,BitCasts,AddrSpaceCasts,ICmps,FCmps,PHIs,Selects,Calls,Shls,LShrs,AShrs,VAArgs,ExtractElements,InsertElements,ShuffleVectors,ExtractValues,InsertValues,LandingPads,CleanupPads, Cond
171467,58,189,1406,800790.0,0,45958344,23,213,0,631702.0,4048,19348,271833,274061,272630,502,0,23,-1,23604,1074,1,0,0,0,0,0,0,0,0,0,8211,0,1253,0,80,0,6,0,0,1,0,0,131,16,15,5232,51728,34676,0,0,0,16446,581,5622,2475,0,0,0,0,0,0,3,109,142,0,12557,0,1262,1,6210,25,0,6,0,0,0,0,0,0,0,0(Sle 32       (SExt w32 (Read w8 0 arg00)))
171467,58,189,1406,800790.0,0,45958344,23,213,0,631702.0,4048,19348,271833,274061,272630,502,0,23,-1,23604,1074,1,0,0,0,0,0,0,0,0,0,8211,0,1253,0,80,0,6,0,0,1,0,0,131,16,15,5232,51728,34676,0,0,0,16446,581,5622,2475,0,0,0,0,0,0,3,109,142,0,12557,0,1262,1,6210,25,0,6,0,0,0,0,0,0,0,0(Sle 32       (SExt w32 (Read w8 1 arg00)))
171467,58,189,1406,800790.0,0,45958344,23,213,0,631702.0,4048,19348,271833,274061,272630,502,0,23,-1,23604,1074,1,0,0,0,0,0,0,0,0,0,8211,0,1253,0,80,0,6,0,0,1,0,0,131,16,15,5232,51728,34676,0,0,0,16446,581,5622,2475,0,0,0,0,0,0,3,109,142,0,12557,0,1262,1,6210,25,0,6,0,0,0,0,0,0,0,0(Sle 32       (SExt w32 (Read w8 2 arg00)))
171467,58,189,1406,800790.0,0,45958344,23,213,0,631702.0,4048,19348,271833,274061,272630,502,0,23,-1,23604,1074,1,0,0,0,0,0,0,0,0,0,8211,0,1253,0,80,0,6,0,0,1,0,0,131,16,15,5232,51728,34676,0,0,0,16446,581,5622,2475,0,0,0,0,0,0,3,109,142,0,12557,0,1262,1,6210,25,0,6,0,0,0,0,0,0,0,0(Sle 32       (SExt w32 (Read w8 3 arg00)))
171467,58,189,1406,800790.0,0,45958344,23,213,0,631702.0,4048,19348,271833,274061,272630,502,0,23,-1,23604,1074,1,0,0,0,0,0,0,0,0,0,8211,0,1253,0,80,0,6,0,0,1,0,0,131,16,15,5232,51728,34676,0,0,0,16446,581,5622,2475,0,0,0,0,0,0,3,109,142,0,12557,0,1262,1,6210,25,0,6,0,0,0,0,0,0,0,0(Sle 32       (SExt w32 (Read w8 4 arg00)))
171467,58,189,1406,800790.0,0,45958344,23,213,0,631702.0,4048,19348,271833,274061,272630,502,0,23,-1,23604,1074,1,0,0,0,0,0,0,0,0,0,8211,0,1253,0,80,0,6,0,0,1,0,0,131,16,15,5232,51728,34676,0,0,0,16446,581,5622,2475,0,0,0,0,0,0,3,109,142,0,12557,0,1262,1,6210,25,0,6,0,0,0,0,0,0,0,0(Sle 32       (SExt w32 (Read w8 5 arg00)))
171467,58,189,1406,800790.0,0,45958344,23,213,0,631702.0,4048,19348,271833,274061,272630,502,0,23,-1,23604,1074,1,0,0,0,0,0,0,0,0,0,8211,0,1253,0,80,0,6,0,0,1,0,0,131,16,15,5232,51728,34676,0,0,0,16446,581,5622,2475,0,0,0,0,0,0,3,109,142,0,12557,0,1262,1,6210,25,0,6,0,0,0,0,0,0,0,0(Sle 32       (SExt w32 (Read w8 6 arg00)))
171467,58,189,1406,800790.0,0,45958344,23,213,0,631702.0,4048,19348,271833,274061,272630,502,0,23,-1,23604,1074,1,0,0,0,0,0,0,0,0,0,8211,0,1253,0,80,0,6,0,0,1,0,0,131,16,15,5232,51728,34676,0,0,0,16446,581,5622,2475,0,0,0,0,0,0,3,109,142,0,12557,0,1262,1,6210,25,0,6,0,0,0,0,0,0,0,0(Sle 32       (SExt w32 (Read w8 7 arg00)))
171467,58,189,1406,800790.0,0,45958344,23,213,0,631702.0,4048,19348,271833,274061,272630,502,0,23,-1,23604,1074,1,0,0,0,0,0,0,0,0,0,8211,0,1253,0,80,0,6,0,0,1,0,0,131,16,15,5232,51728,34676,0,0,0,16446,581,5622,2475,0,0,0,0,0,0,3,109,142,0,12557,0,1262,1,6210,25,0,6,0,0,0,0,0,0,0,0(Sle 32       (SExt w32 (Read w8 8 arg00)))
171467,58,189,1406,800790.0,0,45958344,23,213,0,631702.0,4048,19348,271833,274061,272630,502,0,23,-1,23604,1074,1,0,0,0,0,0,0,0,0,0,8211,0,1253,0,80,0,6,0,0,1,0,0,131,16,15,5232,51728,34676,0,0,0,16446,581,5622,2475,0,0,0,0,0,0,3,109,142,0,12557,0,1262,1,6210,25,0,6,0,0,0,0,0,0,0,0(Sle 32       (SExt w32 (Read w8 9 arg00)))
171467,58,189,1406,800790.0,0,45958344,23,213,0,631702.0,4048,19348,271833,274061,272630,502,0,23,-1,23604,1074,1,0,0,0,0,0,0,0,0,0,8211,0,1253,0,80,0,6,0,0,1,0,0,131,16,15,5232,51728,34676,0,0,0,16446,581,5622,2475,0,0,0,0,0,0,3,109,142,0,12557,0,1262,1,6210,25,0,6,0,0,0,0,0,0,0,0(Eq 45 (Read w8 0 arg00))
171467,58,189,1406,800790.0,0,45958344,23,213,0,631702.0,4048,19348,271833,274061,272630,502,0,23,-1,23604,1074,1,0,0,0,0,0,0,0,0,0,8211,0,1253,0,80,0,6,0,0,1,0,0,131,16,15,5232,51728,34676,0,0,0,16446,581,5622,2475,0,0,0,0,0,0,3,109,142,0,12557,0,1262,1,6210,25,0,6,0,0,0,0,0,0,0,0(Eq 45 (Read w8 0 arg00))
171467,58,189,1406,800790.0,0,45958344,23,213,0,631702.0,4048,19348,271833,274061,272630,502,0,23,-1,23604,1074,1,0,0,0,0,0,0,0,0,0,8211,0,1253,0,80,0,6,0,0,1,0,0,131,16,15,5232,51728,34676,0,0,0,16446,581,5622,2475,0,0,0,0,0,0,3,109,142,0,12557,0,1262,1,6210,25,0,6,0,0,0,0,0,0,0,0(Eq 45 (Read w8 0 arg00))
171467,58,189,1406,800790.0,0,45958344,23,213,0,631702.0,4048,19348,271833,274061,272630,502,0,23,-1,23604,1074,1,0,0,0,0,0,0,0,0,0,8211,0,1253,0,80,0,6,0,0,1,0,0,131,16,15,5232,51728,34676,0,0,0,16446,581,5622,2475,0,0,0,0,0,0,3,109,142,0,12557,0,1262,1,6210,25,0,6,0,0,0,0,0,0,0,0(Eq 45 (Read w8 0 arg00))
171467,58,189,1406,800790.0,0,45958344,23,213,0,631702.0,4048,19348,271833,274061,272630,502,0,23,-1,23604,1074,1,0,0,0,0,0,0,0,0,0,8211,0,1253,0,80,0,6,0,0,1,0,0,131,16,15,5232,51728,34676,0,0,0,16446,581,5622,2475,0,0,0,0,0,0,3,109,142,0,12557,0,1262,1,6210,25,0,6,0,0,0,0,0,0,0,0(Eq 45 (Read w8 0 arg00))
171467,58,189,1406,800790.0,0,45958344,23,213,0,631702.0,4048,19348,271833,274061,272630,502,0,23,-1,23604,1074,1,0,0,0,0,0,0,0,0,0,8211,0,1253,0,80,0,6,0,0,1,0,0,131,16,15,5232,51728,34676,0,0,0,16446,581,5622,2475,0,0,0,0,0,0,3,109,142,0,12557,0,1262,1,6210,25,0,6,0,0,0,0,0,0,0,0(Eq false      (Eq 0 (Read w8 0 arg00)))
171467,58,189,1406,800790.0,0,45958344,23,213,0,631702.0,4048,19348,271833,274061,272630,502,0,23,-1,23604,1074,1,0,0,0,0,0,0,0,0,0,8211,0,1253,0,80,0,6,0,0,1,0,0,131,16,15,5232,51728,34676,0,0,0,16446,581,5622,2475,0,0,0,0,0,0,3,109,142,0,12557,0,1262,1,6210,25,0,6,0,0,0,0,0,0,0,0(Eq false      (Eq 0 (Read w8 1 arg00)))
171467,58,189,1406,800790.0,0,45958344,23,213,0,631702.0,4048,19348,271833,274061,272630,502,0,23,-1,23604,1074,1,0,0,0,0,0,0,0,0,0,8211,0,1253,0,80,0,6,0,0,1,0,0,131,16,15,5232,51728,34676,0,0,0,16446,581,5622,2475,0,0,0,0,0,0,3,109,142,0,12557,0,1262,1,6210,25,0,6,0,0,0,0,0,0,0,0(Eq false      (Eq 0 (Read w8 2 arg00)))
171467,58,189,1406,800790.0,0,45958344,23,213,0,631702.0,4048,19348,271833,274061,272630,502,0,23,-1,23604,1074,1,0,0,0,0,0,0,0,0,0,8211,0,1253,0,80,0,6,0,0,1,0,0,131,16,15,5232,51728,34676,0,0,0,16446,581,5622,2475,0,0,0,0,0,0,3,109,142,0,12557,0,1262,1,6210,25,0,6,0,0,0,0,0,0,0,0(Eq false      (Eq 0 (Read w8 3 arg00)))
171467,58,189,1406,800790.0,0,45958344,23,213,0,631702.0,4048,19348,271833,274061,272630,502,0,23,-1,23604,1074,1,0,0,0,0,0,0,0,0,0,8211,0,1253,0,80,0,6,0,0,1,0,0,131,16,15,5232,51728,34676,0,0,0,16446,581,5622,2475,0,0,0,0,0,0,3,109,142,0,12557,0,1262,1,6210,25,0,6,0,0,0,0,0,0,0,0(Eq false      (Eq 0 (Read w8 4 arg00)))
171467,58,189,1406,800790.0,0,45958344,23,213,0,631702.0,4048,19348,271833,274061,272630,502,0,23,-1,23604,1074,1,0,0,0,0,0,0,0,0,0,8211,0,1253,0,80,0,6,0,0,1,0,0,131,16,15,5232,51728,34676,0,0,0,16446,581,5622,2475,0,0,0,0,0,0,3,109,142,0,12557,0,1262,1,6210,25,0,6,0,0,0,0,0,0,0,0(Eq false      (Eq 0 (Read w8 5 arg00)))
171467,58,189,1406,800790.0,0,45958344,23,213,0,631702.0,4048,19348,271833,274061,272630,502,0,23,-1,23604,1074,1,0,0,0,0,0,0,0,0,0,8211,0,1253,0,80,0,6,0,0,1,0,0,131,16,15,5232,51728,34676,0,0,0,16446,581,5622,2475,0,0,0,0,0,0,3,109,142,0,12557,0,1262,1,6210,25,0,6,0,0,0,0,0,0,0,0(Eq false      (Eq 0 (Read w8 6 arg00)))
171467,58,189,1406,800790.0,0,45958344,23,213,0,631702.0,4048,19348,271833,274061,272630,502,0,23,-1,23604,1074,1,0,0,0,0,0,0,0,0,0,8211,0,1253,0,80,0,6,0,0,1,0,0,131,16,15,5232,51728,34676,0,0,0,16446,581,5622,2475,0,0,0,0,0,0,3,109,142,0,12557,0,1262,1,6210,25,0,6,0,0,0,0,0,0,0,0(Eq false      (Eq 0 (Read w8 7 arg00)))
171467,58,189,1406,800790.0,0,45958344,23,213,0,631702.0,4048,19348,271833,274061,272630,502,0,23,-1,23604,1074,1,0,0,0,0,0,0,0,0,0,8211,0,1253,0,80,0,6,0,0,1,0,0,131,16,15,5232,51728,34676,0,0,0,16446,581,5622,2475,0,0,0,0,0,0,3,109,142,0,12557,0,1262,1,6210,25,0,6,0,0,0,0,0,0,0,0(Eq false      (Eq 0 (Read w8 8 arg00)))
171467,58,189,1406,800790.0,0,45958344,23,213,0,631702.0,4048,19348,271833,274061,272630,502,0,23,-1,23604,1074,1,0,0,0,0,0,0,0,0,0,8211,0,1253,0,80,0,6,0,0,1,0,0,131,16,15,5232,51728,34676,0,0,0,16446,581,5622,2475,0,0,0,0,0,0,3,109,142,0,12557,0,1262,1,6210,25,0,6,0,0,0,0,0,0,0,0(Eq false      (Eq 0 (Read w8 9 arg00)))
